{
"lengthUnit": "mil",
"remark": [],
"components": {
	"fields": ["COMPONENT_NO", "COMPONENT_NAME", "LAYER", "X_COORDINATE", "Y_COORDINATE", "ANGLE"],
	"rows": [
		[1, "3.3V", "T", 5055, 1750, 90],
		[2, "12V_Zufuhr", "T", 5055, 2215, 90],
		[3, "D1", "T", 785, 2550, 0],
		[4, "D2", "T", 1930, 2575, 0],
		[5, "D3", "T", 3050, 2555, 0],
		[6, "D4", "T", 4180, 2550, 0],
		[7, "D5", "T", 815, 975, 180],
		[8, "D6", "T", 1940, 980, 180],
		[9, "D7", "T", 3065, 980, 180],
		[10, "D8", "T", 4205, 980, 180],
		[11, "I2C-Bus", "T", 2570, 1740, 0],
		[12, "MosFET_1", "T", 795, 2170, 0],
		[13, "MosFET_2", "T", 1505, 2250, 270],
		[14, "MosFET_3", "T", 3445, 2300, 270],
		[15, "MosFET_4", "T", 4200, 2175, 0],
		[16, "MosFET_5", "T", 805, 1290, 0],
		[17, "MosFET_6", "T", 1535, 1280, 270],
		[18, "MosFET_7", "T", 3470, 1255, 270],
		[19, "MosFET_8", "T", 4225, 1275, 0],
		[20, "R1", "T", 780, 1955, 0],
		[21, "R2", "T", 1909.37, 2170.63, 270],
		[22, "R3", "T", 3109.37, 2225.63, 270],
		[23, "R4", "T", 4220, 1975, 0],
		[24, "R5", "T", 784.0736, 1624.1776, 0],
		[25, "R6", "T", 1919.37, 1349.37, 270],
		[26, "R7", "T", 3135, 1290, 270],
		[27, "R8", "T", 4220, 1530, 0],
		[28, "SDA_SCL", "T", 5055, 1290, 90],
		[29, "Ventil_1_NC", "T", 1035, 3060, 180],
		[30, "Ventil_1_NO", "T", 540, 3060, 180],
		[31, "Ventil_2_NC", "T", 2155, 3060, 180],
		[32, "Ventil_2_NO", "T", 1665, 3060, 180],
		[33, "Ventil_3_NC", "T", 3295, 3055, 180],
		[34, "Ventil_3_NO", "T", 2790, 3055, 180],
		[35, "Ventil_4_NC", "T", 4430, 3055, 180],
		[36, "Ventil_4_NO", "T", 3915, 3055, 180],
		[37, "Ventil_5_NC", "T", 575, 470, 0],
		[38, "Ventil_5_NO", "T", 1060, 470, 0],
		[39, "Ventil_6_NC", "T", 1700, 470, 0],
		[40, "Ventil_6_NO", "T", 2180, 470, 0],
		[41, "Ventil_7_NC", "T", 2825, 470, 0],
		[42, "Ventil_7_NO", "T", 3315, 470, 0],
		[43, "Ventil_8_NC", "T", 3950, 470, 0],
		[44, "Ventil_8_NO", "T", 4455, 470, 0],
		[45, "PAD1", "T", 640, 3060, 0],
		[46, "PAD1", "B", 640, 3060, 0],
		[47, "PAD2", "T", 440, 3060, 0],
		[48, "PAD2", "B", 440, 3060, 0],
		[49, "PAD3", "T", 5055, 2115, 0],
		[50, "PAD3", "B", 5055, 2115, 0],
		[51, "PAD4", "T", 5055, 2315, 0],
		[52, "PAD4", "B", 5055, 2315, 0],
		[53, "PAD5", "T", 5055, 1650, 0],
		[54, "PAD5", "B", 5055, 1650, 0],
		[55, "PAD6", "T", 5055, 1850, 0],
		[56, "PAD6", "B", 5055, 1850, 0],
		[57, "PAD7", "T", 5055, 1190, 0],
		[58, "PAD7", "B", 5055, 1190, 0],
		[59, "PAD8", "T", 5055, 1390, 0],
		[60, "PAD8", "B", 5055, 1390, 0],
		[61, "PAD9", "T", 1135, 3060, 0],
		[62, "PAD9", "B", 1135, 3060, 0],
		[63, "PAD10", "T", 935, 3060, 0],
		[64, "PAD10", "B", 935, 3060, 0],
		[65, "PAD11", "T", 2890, 3055, 0],
		[66, "PAD11", "B", 2890, 3055, 0],
		[67, "PAD12", "T", 2690, 3055, 0],
		[68, "PAD12", "B", 2690, 3055, 0],
		[69, "PAD13", "T", 3395, 3055, 0],
		[70, "PAD13", "B", 3395, 3055, 0],
		[71, "PAD14", "T", 3195, 3055, 0],
		[72, "PAD14", "B", 3195, 3055, 0],
		[73, "PAD15", "T", 960, 470, 0],
		[74, "PAD15", "B", 960, 470, 0],
		[75, "PAD16", "T", 1160, 470, 0],
		[76, "PAD16", "B", 1160, 470, 0],
		[77, "PAD17", "T", 475, 470, 0],
		[78, "PAD17", "B", 475, 470, 0],
		[79, "PAD18", "T", 675, 470, 0],
		[80, "PAD18", "B", 675, 470, 0],
		[81, "PAD19", "T", 3215, 470, 0],
		[82, "PAD19", "B", 3215, 470, 0],
		[83, "PAD20", "T", 3415, 470, 0],
		[84, "PAD20", "B", 3415, 470, 0],
		[85, "PAD21", "T", 2725, 470, 0],
		[86, "PAD21", "B", 2725, 470, 0],
		[87, "PAD22", "T", 2925, 470, 0],
		[88, "PAD22", "B", 2925, 470, 0],
		[89, "PAD23", "T", 1765, 3060, 0],
		[90, "PAD23", "B", 1765, 3060, 0],
		[91, "PAD24", "T", 1565, 3060, 0],
		[92, "PAD24", "B", 1565, 3060, 0],
		[93, "PAD25", "T", 2255, 3060, 0],
		[94, "PAD25", "B", 2255, 3060, 0],
		[95, "PAD26", "T", 2055, 3060, 0],
		[96, "PAD26", "B", 2055, 3060, 0],
		[97, "PAD27", "T", 4015, 3055, 0],
		[98, "PAD27", "B", 4015, 3055, 0],
		[99, "PAD28", "T", 3815, 3055, 0],
		[100, "PAD28", "B", 3815, 3055, 0],
		[101, "PAD29", "T", 4530, 3055, 0],
		[102, "PAD29", "B", 4530, 3055, 0],
		[103, "PAD30", "T", 4330, 3055, 0],
		[104, "PAD30", "B", 4330, 3055, 0],
		[105, "PAD31", "T", 2080, 470, 0],
		[106, "PAD31", "B", 2080, 470, 0],
		[107, "PAD32", "T", 2280, 470, 0],
		[108, "PAD32", "B", 2280, 470, 0],
		[109, "PAD33", "T", 1600, 470, 0],
		[110, "PAD33", "B", 1600, 470, 0],
		[111, "PAD34", "T", 1800, 470, 0],
		[112, "PAD34", "B", 1800, 470, 0],
		[113, "PAD35", "T", 4355, 470, 0],
		[114, "PAD35", "B", 4355, 470, 0],
		[115, "PAD36", "T", 4555, 470, 0],
		[116, "PAD36", "B", 4555, 470, 0],
		[117, "PAD37", "T", 3850, 470, 0],
		[118, "PAD37", "B", 3850, 470, 0],
		[119, "PAD38", "T", 4050, 470, 0],
		[120, "PAD38", "B", 4050, 470, 0],
		[121, "PAD39", "T", 930.13, 2550, 0],
		[122, "PAD40", "T", 639.87, 2550, 0],
		[123, "PAD41", "T", 2075.13, 2575, 0],
		[124, "PAD42", "T", 1784.87, 2575, 0],
		[125, "PAD43", "T", 3195.13, 2555, 0],
		[126, "PAD44", "T", 2904.87, 2555, 0],
		[127, "PAD45", "T", 4325.13, 2550, 0],
		[128, "PAD46", "T", 4034.87, 2550, 0],
		[129, "PAD47", "T", 669.87, 975, 0],
		[130, "PAD48", "T", 960.13, 975, 0],
		[131, "PAD49", "T", 1794.87, 980, 0],
		[132, "PAD50", "T", 2085.13, 980, 0],
		[133, "PAD51", "T", 2919.87, 980, 0],
		[134, "PAD52", "T", 3210.13, 980, 0],
		[135, "PAD53", "T", 4059.87, 980, 0],
		[136, "PAD54", "T", 4350.13, 980, 0],
		[137, "PAD55", "T", 695, 2170.001, 0],
		[138, "PAD55", "B", 695, 2170.001, 0],
		[139, "PAD56", "T", 895, 2170.001, 0],
		[140, "PAD56", "B", 895, 2170.001, 0],
		[141, "PAD57", "T", 795, 2170.001, 0],
		[142, "PAD57", "B", 795, 2170.001, 0],
		[143, "PAD58", "T", 1505.001, 2350, 0],
		[144, "PAD58", "B", 1505.001, 2350, 0],
		[145, "PAD59", "T", 1505.001, 2150, 0],
		[146, "PAD59", "B", 1505.001, 2150, 0],
		[147, "PAD60", "T", 1505.001, 2250, 0],
		[148, "PAD60", "B", 1505.001, 2250, 0],
		[149, "PAD61", "T", 3445.001, 2400, 0],
		[150, "PAD61", "B", 3445.001, 2400, 0],
		[151, "PAD62", "T", 3445.001, 2200, 0],
		[152, "PAD62", "B", 3445.001, 2200, 0],
		[153, "PAD63", "T", 3445.001, 2300, 0],
		[154, "PAD63", "B", 3445.001, 2300, 0],
		[155, "PAD64", "T", 4100, 2175.001, 0],
		[156, "PAD64", "B", 4100, 2175.001, 0],
		[157, "PAD65", "T", 4300, 2175.001, 0],
		[158, "PAD65", "B", 4300, 2175.001, 0],
		[159, "PAD66", "T", 4200, 2175.001, 0],
		[160, "PAD66", "B", 4200, 2175.001, 0],
		[161, "PAD67", "T", 705, 1290.001, 0],
		[162, "PAD67", "B", 705, 1290.001, 0],
		[163, "PAD68", "T", 905, 1290.001, 0],
		[164, "PAD68", "B", 905, 1290.001, 0],
		[165, "PAD69", "T", 805, 1290.001, 0],
		[166, "PAD69", "B", 805, 1290.001, 0],
		[167, "PAD70", "T", 1535.001, 1380, 0],
		[168, "PAD70", "B", 1535.001, 1380, 0],
		[169, "PAD71", "T", 1535.001, 1180, 0],
		[170, "PAD71", "B", 1535.001, 1180, 0],
		[171, "PAD72", "T", 1535.001, 1280, 0],
		[172, "PAD72", "B", 1535.001, 1280, 0],
		[173, "PAD73", "T", 3470.001, 1355, 0],
		[174, "PAD73", "B", 3470.001, 1355, 0],
		[175, "PAD74", "T", 3470.001, 1155, 0],
		[176, "PAD74", "B", 3470.001, 1155, 0],
		[177, "PAD75", "T", 3470.001, 1255, 0],
		[178, "PAD75", "B", 3470.001, 1255, 0],
		[179, "PAD76", "T", 4125, 1275.001, 0],
		[180, "PAD76", "B", 4125, 1275.001, 0],
		[181, "PAD77", "T", 4325, 1275.001, 0],
		[182, "PAD77", "B", 4325, 1275.001, 0],
		[183, "PAD78", "T", 4225, 1275.001, 0],
		[184, "PAD78", "B", 4225, 1275.001, 0],
		[185, "PAD79", "T", 819.37, 1955, 0],
		[186, "PAD80", "T", 740.63, 1955, 0],
		[187, "PAD81", "T", 3109.37, 2186.26, 0],
		[188, "PAD82", "T", 3109.37, 2265, 0],
		[189, "PAD83", "T", 823.4436, 1624.1776, 0],
		[190, "PAD84", "T", 744.7036, 1624.1776, 0],
		[191, "PAD85", "T", 3135, 1250.63, 0],
		[192, "PAD86", "T", 3135, 1329.37, 0],
		[193, "PAD87", "T", 1909.37, 2131.26, 0],
		[194, "PAD88", "T", 1909.37, 2210, 0],
		[195, "PAD89", "T", 4259.37, 1975, 0],
		[196, "PAD90", "T", 4180.63, 1975, 0],
		[197, "PAD91", "T", 1919.37, 1310, 0],
		[198, "PAD92", "T", 1919.37, 1388.74, 0],
		[199, "PAD93", "T", 4259.37, 1530, 0],
		[200, "PAD94", "T", 4180.63, 1530, 0],
		[201, "PAD95", "T", 2370, 1551.02, 0],
		[202, "PAD96", "T", 2420, 1551.02, 0],
		[203, "PAD97", "T", 2470, 1551.02, 0],
		[204, "PAD98", "T", 2520, 1551.02, 0],
		[205, "PAD99", "T", 2570, 1551.02, 0],
		[206, "PAD100", "T", 2620, 1551.02, 0],
		[207, "PAD101", "T", 2770, 1551.02, 0],
		[208, "PAD102", "T", 2370, 1928.98, 0],
		[209, "PAD103", "T", 2420, 1928.98, 0],
		[210, "PAD104", "T", 2470, 1928.98, 0],
		[211, "PAD105", "T", 2520, 1928.98, 0],
		[212, "PAD106", "T", 2570, 1928.98, 0],
		[213, "PAD107", "T", 2620, 1928.98, 0],
		[214, "PAD108", "T", 2670, 1928.98, 0],
		[215, "PAD109", "T", 2720, 1928.98, 0],
		[216, "PAD110", "T", 2770, 1928.98, 0]
	]
},
"pins": {
	"fields": ["PIN_NO", "PIN_NAME", "PIN_X", "PIN_Y", "LAYER", "PIN_TYPE", "NET_NAME", "NET_TYPE", "PAD_SHAPE", "PAD_SIZEX", "PAD_SIZEY", "HOLE_SIZE", "HOLE_LEN", "PAD_ANGLE"],
	"rows": [
		[1, "3.3V_1", 5055, 1650, "T", "DIP", "3.3V", "", "C", 86.614, 86.614, 51.182, 51.182, 90],
		[2, "3.3V_1", 5055, 1650, "B", "DIP", "3.3V", "", "C", 86.614, 86.614, 51.182, 51.182, 90],
		[3, "3.3V_2", 5055, 1850, "T", "DIP", "GND", "GND", "C", 86.614, 86.614, 51.182, 51.182, 90],
		[4, "3.3V_2", 5055, 1850, "B", "DIP", "GND", "GND", "C", 86.614, 86.614, 51.182, 51.182, 90],
		[5, "12V_Zufuhr_1", 5055, 2115, "T", "DIP", "+12V", "", "C", 86.614, 86.614, 51.182, 51.182, 90],
		[6, "12V_Zufuhr_1", 5055, 2115, "B", "DIP", "+12V", "", "C", 86.614, 86.614, 51.182, 51.182, 90],
		[7, "12V_Zufuhr_2", 5055, 2315, "T", "DIP", "GND", "GND", "C", 86.614, 86.614, 51.182, 51.182, 90],
		[8, "12V_Zufuhr_2", 5055, 2315, "B", "DIP", "GND", "GND", "C", 86.614, 86.614, 51.182, 51.182, 90],
		[9, "D1_1", 639.87, 2550, "T", "SMD", "+12V", "", "R", 106.299, 129.921, 0, 0, 0],
		[10, "D1_2", 930.13, 2550, "T", "SMD", "$1N4620", "", "R", 106.299, 129.921, 0, 0, 0],
		[11, "D2_1", 1784.87, 2575, "T", "SMD", "+12V", "", "R", 106.299, 129.921, 0, 0, 0],
		[12, "D2_2", 2075.13, 2575, "T", "SMD", "$1N6791", "", "R", 106.299, 129.921, 0, 0, 0],
		[13, "D3_1", 2904.87, 2555, "T", "SMD", "+12V", "", "R", 106.299, 129.921, 0, 0, 0],
		[14, "D3_2", 3195.13, 2555, "T", "SMD", "$1N6104", "", "R", 106.299, 129.921, 0, 0, 0],
		[15, "D4_1", 4034.87, 2550, "T", "SMD", "+12V", "", "R", 106.299, 129.921, 0, 0, 0],
		[16, "D4_2", 4325.13, 2550, "T", "SMD", "$1N7020", "", "R", 106.299, 129.921, 0, 0, 0],
		[17, "D5_1", 960.13, 975, "T", "SMD", "+12V", "", "R", 106.299, 129.921, 0, 0, 180],
		[18, "D5_2", 669.87, 975, "T", "SMD", "$1N6333", "", "R", 106.299, 129.921, 0, 0, 180],
		[19, "D6_1", 2085.13, 980, "T", "SMD", "+12V", "", "R", 106.299, 129.921, 0, 0, 180],
		[20, "D6_2", 1794.87, 980, "T", "SMD", "$1N7249", "", "R", 106.299, 129.921, 0, 0, 180],
		[21, "D7_1", 3210.13, 980, "T", "SMD", "+12V", "", "R", 106.299, 129.921, 0, 0, 180],
		[22, "D7_2", 2919.87, 980, "T", "SMD", "$1N6562", "", "R", 106.299, 129.921, 0, 0, 180],
		[23, "D8_1", 4350.13, 980, "T", "SMD", "+12V", "", "R", 106.299, 129.921, 0, 0, 180],
		[24, "D8_2", 4059.87, 980, "T", "SMD", "$1N7478", "", "R", 106.299, 129.921, 0, 0, 180],
		[25, "I2C-Bus_1", 2370, 1551.02, "T", "SMD", "$1N3486", "", "O", 22.047, 82.677, 0, 0, 0],
		[26, "I2C-Bus_2", 2420, 1551.02, "T", "SMD", "$1N3487", "", "O", 22.047, 82.677, 0, 0, 0],
		[27, "I2C-Bus_3", 2470, 1551.02, "T", "SMD", "GND", "GND", "O", 22.047, 82.677, 0, 0, 0],
		[28, "I2C-Bus_4", 2520, 1551.02, "T", "SMD", "GND", "GND", "O", 22.047, 82.677, 0, 0, 0],
		[29, "I2C-Bus_5", 2570, 1551.02, "T", "SMD", "3.3V", "", "O", 22.047, 82.677, 0, 0, 0],
		[30, "I2C-Bus_6", 2620, 1551.02, "T", "SMD", "3.3V", "", "O", 22.047, 82.677, 0, 0, 0],
		[31, "I2C-Bus_7", 2670, 1551.02, "T", "SMD", "NET_1", "", "O", 22.047, 82.677, 0, 0, 0],
		[32, "I2C-Bus_8", 2720, 1551.02, "T", "SMD", "NET_2", "", "O", 22.047, 82.677, 0, 0, 0],
		[33, "I2C-Bus_9", 2770, 1551.02, "T", "SMD", "GND", "GND", "O", 22.047, 82.677, 0, 0, 0],
		[34, "I2C-Bus_10", 2770, 1928.98, "T", "SMD", "$1N4621", "", "O", 22.047, 82.677, 0, 0, 0],
		[35, "I2C-Bus_11", 2720, 1928.98, "T", "SMD", "$1N6799", "", "O", 22.047, 82.677, 0, 0, 0],
		[36, "I2C-Bus_12", 2670, 1928.98, "T", "SMD", "$1N6112", "", "O", 22.047, 82.677, 0, 0, 0],
		[37, "I2C-Bus_13", 2620, 1928.98, "T", "SMD", "$1N7028", "", "O", 22.047, 82.677, 0, 0, 0],
		[38, "I2C-Bus_14", 2570, 1928.98, "T", "SMD", "$1N6341", "", "O", 22.047, 82.677, 0, 0, 0],
		[39, "I2C-Bus_15", 2520, 1928.98, "T", "SMD", "$1N7257", "", "O", 22.047, 82.677, 0, 0, 0],
		[40, "I2C-Bus_16", 2470, 1928.98, "T", "SMD", "$1N6570", "", "O", 22.047, 82.677, 0, 0, 0],
		[41, "I2C-Bus_17", 2420, 1928.98, "T", "SMD", "$1N7486", "", "O", 22.047, 82.677, 0, 0, 0],
		[42, "I2C-Bus_18", 2370, 1928.98, "T", "SMD", "3.3V", "", "O", 22.047, 82.677, 0, 0, 0],
		[43, "MosFET_1_1", 695, 2170.001, "T", "DIP", "$1N4621", "", "R", 78.74, 78.74, 47.244, 47.244, 0],
		[44, "MosFET_1_1", 695, 2170.001, "B", "DIP", "$1N4621", "", "R", 78.74, 78.74, 47.244, 47.244, 0],
		[45, "MosFET_1_2", 795, 2170.001, "T", "DIP", "$1N4620", "", "C", 78.74, 78.74, 47.244, 47.244, 0],
		[46, "MosFET_1_2", 795, 2170.001, "B", "DIP", "$1N4620", "", "C", 78.74, 78.74, 47.244, 47.244, 0],
		[47, "MosFET_1_3", 895, 2170.001, "T", "DIP", "GND", "GND", "C", 78.74, 78.74, 47.244, 47.244, 0],
		[48, "MosFET_1_3", 895, 2170.001, "B", "DIP", "GND", "GND", "C", 78.74, 78.74, 47.244, 47.244, 0],
		[49, "MosFET_2_1", 1505.001, 2350, "T", "DIP", "$1N6799", "", "R", 78.74, 78.74, 47.244, 47.244, 270],
		[50, "MosFET_2_1", 1505.001, 2350, "B", "DIP", "$1N6799", "", "R", 78.74, 78.74, 47.244, 47.244, 270],
		[51, "MosFET_2_2", 1505.001, 2250, "T", "DIP", "$1N6791", "", "C", 78.74, 78.74, 47.244, 47.244, 270],
		[52, "MosFET_2_2", 1505.001, 2250, "B", "DIP", "$1N6791", "", "C", 78.74, 78.74, 47.244, 47.244, 270],
		[53, "MosFET_2_3", 1505.001, 2150, "T", "DIP", "GND", "GND", "C", 78.74, 78.74, 47.244, 47.244, 270],
		[54, "MosFET_2_3", 1505.001, 2150, "B", "DIP", "GND", "GND", "C", 78.74, 78.74, 47.244, 47.244, 270],
		[55, "MosFET_3_1", 3445.001, 2400, "T", "DIP", "$1N6112", "", "R", 78.74, 78.74, 47.244, 47.244, 270],
		[56, "MosFET_3_1", 3445.001, 2400, "B", "DIP", "$1N6112", "", "R", 78.74, 78.74, 47.244, 47.244, 270],
		[57, "MosFET_3_2", 3445.001, 2300, "T", "DIP", "$1N6104", "", "C", 78.74, 78.74, 47.244, 47.244, 270],
		[58, "MosFET_3_2", 3445.001, 2300, "B", "DIP", "$1N6104", "", "C", 78.74, 78.74, 47.244, 47.244, 270],
		[59, "MosFET_3_3", 3445.001, 2200, "T", "DIP", "GND", "GND", "C", 78.74, 78.74, 47.244, 47.244, 270],
		[60, "MosFET_3_3", 3445.001, 2200, "B", "DIP", "GND", "GND", "C", 78.74, 78.74, 47.244, 47.244, 270],
		[61, "MosFET_4_1", 4100, 2175.001, "T", "DIP", "$1N7028", "", "R", 78.74, 78.74, 47.244, 47.244, 0],
		[62, "MosFET_4_1", 4100, 2175.001, "B", "DIP", "$1N7028", "", "R", 78.74, 78.74, 47.244, 47.244, 0],
		[63, "MosFET_4_2", 4200, 2175.001, "T", "DIP", "$1N7020", "", "C", 78.74, 78.74, 47.244, 47.244, 0],
		[64, "MosFET_4_2", 4200, 2175.001, "B", "DIP", "$1N7020", "", "C", 78.74, 78.74, 47.244, 47.244, 0],
		[65, "MosFET_4_3", 4300, 2175.001, "T", "DIP", "GND", "GND", "C", 78.74, 78.74, 47.244, 47.244, 0],
		[66, "MosFET_4_3", 4300, 2175.001, "B", "DIP", "GND", "GND", "C", 78.74, 78.74, 47.244, 47.244, 0],
		[67, "MosFET_5_1", 705, 1290.001, "T", "DIP", "$1N6341", "", "R", 78.74, 78.74, 47.244, 47.244, 0],
		[68, "MosFET_5_1", 705, 1290.001, "B", "DIP", "$1N6341", "", "R", 78.74, 78.74, 47.244, 47.244, 0],
		[69, "MosFET_5_2", 805, 1290.001, "T", "DIP", "$1N6333", "", "C", 78.74, 78.74, 47.244, 47.244, 0],
		[70, "MosFET_5_2", 805, 1290.001, "B", "DIP", "$1N6333", "", "C", 78.74, 78.74, 47.244, 47.244, 0],
		[71, "MosFET_5_3", 905, 1290.001, "T", "DIP", "GND", "GND", "C", 78.74, 78.74, 47.244, 47.244, 0],
		[72, "MosFET_5_3", 905, 1290.001, "B", "DIP", "GND", "GND", "C", 78.74, 78.74, 47.244, 47.244, 0],
		[73, "MosFET_6_1", 1535.001, 1380, "T", "DIP", "$1N7257", "", "R", 78.74, 78.74, 47.244, 47.244, 270],
		[74, "MosFET_6_1", 1535.001, 1380, "B", "DIP", "$1N7257", "", "R", 78.74, 78.74, 47.244, 47.244, 270],
		[75, "MosFET_6_2", 1535.001, 1280, "T", "DIP", "$1N7249", "", "C", 78.74, 78.74, 47.244, 47.244, 270],
		[76, "MosFET_6_2", 1535.001, 1280, "B", "DIP", "$1N7249", "", "C", 78.74, 78.74, 47.244, 47.244, 270],
		[77, "MosFET_6_3", 1535.001, 1180, "T", "DIP", "GND", "GND", "C", 78.74, 78.74, 47.244, 47.244, 270],
		[78, "MosFET_6_3", 1535.001, 1180, "B", "DIP", "GND", "GND", "C", 78.74, 78.74, 47.244, 47.244, 270],
		[79, "MosFET_7_1", 3470.001, 1355, "T", "DIP", "$1N6570", "", "R", 78.74, 78.74, 47.244, 47.244, 270],
		[80, "MosFET_7_1", 3470.001, 1355, "B", "DIP", "$1N6570", "", "R", 78.74, 78.74, 47.244, 47.244, 270],
		[81, "MosFET_7_2", 3470.001, 1255, "T", "DIP", "$1N6562", "", "C", 78.74, 78.74, 47.244, 47.244, 270],
		[82, "MosFET_7_2", 3470.001, 1255, "B", "DIP", "$1N6562", "", "C", 78.74, 78.74, 47.244, 47.244, 270],
		[83, "MosFET_7_3", 3470.001, 1155, "T", "DIP", "GND", "GND", "C", 78.74, 78.74, 47.244, 47.244, 270],
		[84, "MosFET_7_3", 3470.001, 1155, "B", "DIP", "GND", "GND", "C", 78.74, 78.74, 47.244, 47.244, 270],
		[85, "MosFET_8_1", 4125, 1275.001, "T", "DIP", "$1N7486", "", "R", 78.74, 78.74, 47.244, 47.244, 0],
		[86, "MosFET_8_1", 4125, 1275.001, "B", "DIP", "$1N7486", "", "R", 78.74, 78.74, 47.244, 47.244, 0],
		[87, "MosFET_8_2", 4225, 1275.001, "T", "DIP", "$1N7478", "", "C", 78.74, 78.74, 47.244, 47.244, 0],
		[88, "MosFET_8_2", 4225, 1275.001, "B", "DIP", "$1N7478", "", "C", 78.74, 78.74, 47.244, 47.244, 0],
		[89, "MosFET_8_3", 4325, 1275.001, "T", "DIP", "GND", "GND", "C", 78.74, 78.74, 47.244, 47.244, 0],
		[90, "MosFET_8_3", 4325, 1275.001, "B", "DIP", "GND", "GND", "C", 78.74, 78.74, 47.244, 47.244, 0],
		[91, "R1_1", 740.63, 1955, "T", "SMD", "$1N4621", "", "R", 44.588, 54.213, 0, 0, 0],
		[92, "R1_2", 819.37, 1955, "T", "SMD", "GND", "GND", "R", 44.588, 54.213, 0, 0, 0],
		[93, "R2_1", 1909.37, 2210, "T", "SMD", "$1N6799", "", "R", 44.588, 54.213, 0, 0, 270],
		[94, "R2_2", 1909.37, 2131.26, "T", "SMD", "GND", "GND", "R", 44.588, 54.213, 0, 0, 270],
		[95, "R3_1", 3109.37, 2265, "T", "SMD", "$1N6112", "", "R", 44.588, 54.213, 0, 0, 270],
		[96, "R3_2", 3109.37, 2186.26, "T", "SMD", "GND", "GND", "R", 44.588, 54.213, 0, 0, 270],
		[97, "R4_1", 4180.63, 1975, "T", "SMD", "$1N7028", "", "R", 44.588, 54.213, 0, 0, 0],
		[98, "R4_2", 4259.37, 1975, "T", "SMD", "GND", "GND", "R", 44.588, 54.213, 0, 0, 0],
		[99, "R5_1", 744.7036, 1624.1776, "T", "SMD", "$1N6341", "", "R", 44.588, 54.213, 0, 0, 0],
		[100, "R5_2", 823.4436, 1624.1776, "T", "SMD", "GND", "GND", "R", 44.588, 54.213, 0, 0, 0],
		[101, "R6_1", 1919.37, 1388.74, "T", "SMD", "$1N7257", "", "R", 44.588, 54.213, 0, 0, 270],
		[102, "R6_2", 1919.37, 1310, "T", "SMD", "GND", "GND", "R", 44.588, 54.213, 0, 0, 270],
		[103, "R7_1", 3135, 1329.37, "T", "SMD", "$1N6570", "", "R", 44.588, 54.213, 0, 0, 270],
		[104, "R7_2", 3135, 1250.63, "T", "SMD", "GND", "GND", "R", 44.588, 54.213, 0, 0, 270],
		[105, "R8_1", 4180.63, 1530, "T", "SMD", "$1N7486", "", "R", 44.588, 54.213, 0, 0, 0],
		[106, "R8_2", 4259.37, 1530, "T", "SMD", "GND", "GND", "R", 44.588, 54.213, 0, 0, 0],
		[107, "SDA_SCL_1", 5055, 1190, "T", "DIP", "$1N3486", "", "C", 86.614, 86.614, 51.182, 51.182, 90],
		[108, "SDA_SCL_1", 5055, 1190, "B", "DIP", "$1N3486", "", "C", 86.614, 86.614, 51.182, 51.182, 90],
		[109, "SDA_SCL_2", 5055, 1390, "T", "DIP", "$1N3487", "", "C", 86.614, 86.614, 51.182, 51.182, 90],
		[110, "SDA_SCL_2", 5055, 1390, "B", "DIP", "$1N3487", "", "C", 86.614, 86.614, 51.182, 51.182, 90],
		[111, "Ventil_1_NC_1", 1135, 3060, "T", "DIP", "+12V", "", "C", 86.614, 86.614, 51.182, 51.182, 180],
		[112, "Ventil_1_NC_1", 1135, 3060, "B", "DIP", "+12V", "", "C", 86.614, 86.614, 51.182, 51.182, 180],
		[113, "Ventil_1_NC_2", 935, 3060, "T", "DIP", "$1N4620", "", "C", 86.614, 86.614, 51.182, 51.182, 180],
		[114, "Ventil_1_NC_2", 935, 3060, "B", "DIP", "$1N4620", "", "C", 86.614, 86.614, 51.182, 51.182, 180],
		[115, "Ventil_1_NO_1", 640, 3060, "T", "DIP", "+12V", "", "C", 86.614, 86.614, 51.182, 51.182, 180],
		[116, "Ventil_1_NO_1", 640, 3060, "B", "DIP", "+12V", "", "C", 86.614, 86.614, 51.182, 51.182, 180],
		[117, "Ventil_1_NO_2", 440, 3060, "T", "DIP", "$1N4620", "", "C", 86.614, 86.614, 51.182, 51.182, 180],
		[118, "Ventil_1_NO_2", 440, 3060, "B", "DIP", "$1N4620", "", "C", 86.614, 86.614, 51.182, 51.182, 180],
		[119, "Ventil_2_NC_1", 2255, 3060, "T", "DIP", "+12V", "", "C", 86.614, 86.614, 51.182, 51.182, 180],
		[120, "Ventil_2_NC_1", 2255, 3060, "B", "DIP", "+12V", "", "C", 86.614, 86.614, 51.182, 51.182, 180],
		[121, "Ventil_2_NC_2", 2055, 3060, "T", "DIP", "$1N6791", "", "C", 86.614, 86.614, 51.182, 51.182, 180],
		[122, "Ventil_2_NC_2", 2055, 3060, "B", "DIP", "$1N6791", "", "C", 86.614, 86.614, 51.182, 51.182, 180],
		[123, "Ventil_2_NO_1", 1765, 3060, "T", "DIP", "+12V", "", "C", 86.614, 86.614, 51.182, 51.182, 180],
		[124, "Ventil_2_NO_1", 1765, 3060, "B", "DIP", "+12V", "", "C", 86.614, 86.614, 51.182, 51.182, 180],
		[125, "Ventil_2_NO_2", 1565, 3060, "T", "DIP", "$1N6791", "", "C", 86.614, 86.614, 51.182, 51.182, 180],
		[126, "Ventil_2_NO_2", 1565, 3060, "B", "DIP", "$1N6791", "", "C", 86.614, 86.614, 51.182, 51.182, 180],
		[127, "Ventil_3_NC_1", 3395, 3055, "T", "DIP", "+12V", "", "C", 86.614, 86.614, 51.182, 51.182, 180],
		[128, "Ventil_3_NC_1", 3395, 3055, "B", "DIP", "+12V", "", "C", 86.614, 86.614, 51.182, 51.182, 180],
		[129, "Ventil_3_NC_2", 3195, 3055, "T", "DIP", "$1N6104", "", "C", 86.614, 86.614, 51.182, 51.182, 180],
		[130, "Ventil_3_NC_2", 3195, 3055, "B", "DIP", "$1N6104", "", "C", 86.614, 86.614, 51.182, 51.182, 180],
		[131, "Ventil_3_NO_1", 2890, 3055, "T", "DIP", "+12V", "", "C", 86.614, 86.614, 51.182, 51.182, 180],
		[132, "Ventil_3_NO_1", 2890, 3055, "B", "DIP", "+12V", "", "C", 86.614, 86.614, 51.182, 51.182, 180],
		[133, "Ventil_3_NO_2", 2690, 3055, "T", "DIP", "$1N6104", "", "C", 86.614, 86.614, 51.182, 51.182, 180],
		[134, "Ventil_3_NO_2", 2690, 3055, "B", "DIP", "$1N6104", "", "C", 86.614, 86.614, 51.182, 51.182, 180],
		[135, "Ventil_4_NC_1", 4530, 3055, "T", "DIP", "+12V", "", "C", 86.614, 86.614, 51.182, 51.182, 180],
		[136, "Ventil_4_NC_1", 4530, 3055, "B", "DIP", "+12V", "", "C", 86.614, 86.614, 51.182, 51.182, 180],
		[137, "Ventil_4_NC_2", 4330, 3055, "T", "DIP", "$1N7020", "", "C", 86.614, 86.614, 51.182, 51.182, 180],
		[138, "Ventil_4_NC_2", 4330, 3055, "B", "DIP", "$1N7020", "", "C", 86.614, 86.614, 51.182, 51.182, 180],
		[139, "Ventil_4_NO_1", 4015, 3055, "T", "DIP", "+12V", "", "C", 86.614, 86.614, 51.182, 51.182, 180],
		[140, "Ventil_4_NO_1", 4015, 3055, "B", "DIP", "+12V", "", "C", 86.614, 86.614, 51.182, 51.182, 180],
		[141, "Ventil_4_NO_2", 3815, 3055, "T", "DIP", "$1N7020", "", "C", 86.614, 86.614, 51.182, 51.182, 180],
		[142, "Ventil_4_NO_2", 3815, 3055, "B", "DIP", "$1N7020", "", "C", 86.614, 86.614, 51.182, 51.182, 180],
		[143, "Ventil_5_NC_1", 475, 470, "T", "DIP", "+12V", "", "C", 86.614, 86.614, 51.182, 51.182, 0],
		[144, "Ventil_5_NC_1", 475, 470, "B", "DIP", "+12V", "", "C", 86.614, 86.614, 51.182, 51.182, 0],
		[145, "Ventil_5_NC_2", 675, 470, "T", "DIP", "$1N6333", "", "C", 86.614, 86.614, 51.182, 51.182, 0],
		[146, "Ventil_5_NC_2", 675, 470, "B", "DIP", "$1N6333", "", "C", 86.614, 86.614, 51.182, 51.182, 0],
		[147, "Ventil_5_NO_1", 960, 470, "T", "DIP", "+12V", "", "C", 86.614, 86.614, 51.182, 51.182, 0],
		[148, "Ventil_5_NO_1", 960, 470, "B", "DIP", "+12V", "", "C", 86.614, 86.614, 51.182, 51.182, 0],
		[149, "Ventil_5_NO_2", 1160, 470, "T", "DIP", "$1N6333", "", "C", 86.614, 86.614, 51.182, 51.182, 0],
		[150, "Ventil_5_NO_2", 1160, 470, "B", "DIP", "$1N6333", "", "C", 86.614, 86.614, 51.182, 51.182, 0],
		[151, "Ventil_6_NC_1", 1600, 470, "T", "DIP", "+12V", "", "C", 86.614, 86.614, 51.182, 51.182, 0],
		[152, "Ventil_6_NC_1", 1600, 470, "B", "DIP", "+12V", "", "C", 86.614, 86.614, 51.182, 51.182, 0],
		[153, "Ventil_6_NC_2", 1800, 470, "T", "DIP", "$1N7249", "", "C", 86.614, 86.614, 51.182, 51.182, 0],
		[154, "Ventil_6_NC_2", 1800, 470, "B", "DIP", "$1N7249", "", "C", 86.614, 86.614, 51.182, 51.182, 0],
		[155, "Ventil_6_NO_1", 2080, 470, "T", "DIP", "+12V", "", "C", 86.614, 86.614, 51.182, 51.182, 0],
		[156, "Ventil_6_NO_1", 2080, 470, "B", "DIP", "+12V", "", "C", 86.614, 86.614, 51.182, 51.182, 0],
		[157, "Ventil_6_NO_2", 2280, 470, "T", "DIP", "$1N7249", "", "C", 86.614, 86.614, 51.182, 51.182, 0],
		[158, "Ventil_6_NO_2", 2280, 470, "B", "DIP", "$1N7249", "", "C", 86.614, 86.614, 51.182, 51.182, 0],
		[159, "Ventil_7_NC_1", 2725, 470, "T", "DIP", "+12V", "", "C", 86.614, 86.614, 51.182, 51.182, 0],
		[160, "Ventil_7_NC_1", 2725, 470, "B", "DIP", "+12V", "", "C", 86.614, 86.614, 51.182, 51.182, 0],
		[161, "Ventil_7_NC_2", 2925, 470, "T", "DIP", "$1N6562", "", "C", 86.614, 86.614, 51.182, 51.182, 0],
		[162, "Ventil_7_NC_2", 2925, 470, "B", "DIP", "$1N6562", "", "C", 86.614, 86.614, 51.182, 51.182, 0],
		[163, "Ventil_7_NO_1", 3215, 470, "T", "DIP", "+12V", "", "C", 86.614, 86.614, 51.182, 51.182, 0],
		[164, "Ventil_7_NO_1", 3215, 470, "B", "DIP", "+12V", "", "C", 86.614, 86.614, 51.182, 51.182, 0],
		[165, "Ventil_7_NO_2", 3415, 470, "T", "DIP", "$1N6562", "", "C", 86.614, 86.614, 51.182, 51.182, 0],
		[166, "Ventil_7_NO_2", 3415, 470, "B", "DIP", "$1N6562", "", "C", 86.614, 86.614, 51.182, 51.182, 0],
		[167, "Ventil_8_NC_1", 3850, 470, "T", "DIP", "+12V", "", "C", 86.614, 86.614, 51.182, 51.182, 0],
		[168, "Ventil_8_NC_1", 3850, 470, "B", "DIP", "+12V", "", "C", 86.614, 86.614, 51.182, 51.182, 0],
		[169, "Ventil_8_NC_2", 4050, 470, "T", "DIP", "$1N7478", "", "C", 86.614, 86.614, 51.182, 51.182, 0],
		[170, "Ventil_8_NC_2", 4050, 470, "B", "DIP", "$1N7478", "", "C", 86.614, 86.614, 51.182, 51.182, 0],
		[171, "Ventil_8_NO_1", 4355, 470, "T", "DIP", "+12V", "", "C", 86.614, 86.614, 51.182, 51.182, 0],
		[172, "Ventil_8_NO_1", 4355, 470, "B", "DIP", "+12V", "", "C", 86.614, 86.614, 51.182, 51.182, 0],
		[173, "Ventil_8_NO_2", 4555, 470, "T", "DIP", "$1N7478", "", "C", 86.614, 86.614, 51.182, 51.182, 0],
		[174, "Ventil_8_NO_2", 4555, 470, "B", "DIP", "$1N7478", "", "C", 86.614, 86.614, 51.182, 51.182, 0],
		[175, "PAD1_1", 640, 3060, "T", "DIP", "+12V", "", "C", 86.614, 86.614, 51.182, 51.182, 180],
		[176, "PAD1_1", 640, 3060, "B", "DIP", "+12V", "", "C", 86.614, 86.614, 51.182, 51.182, 180],
		[177, "PAD2_2", 440, 3060, "T", "DIP", "$1N4620", "", "C", 86.614, 86.614, 51.182, 51.182, 180],
		[178, "PAD2_2", 440, 3060, "B", "DIP", "$1N4620", "", "C", 86.614, 86.614, 51.182, 51.182, 180],
		[179, "PAD3_1", 5055, 2115, "T", "DIP", "+12V", "", "C", 86.614, 86.614, 51.182, 51.182, 90],
		[180, "PAD3_1", 5055, 2115, "B", "DIP", "+12V", "", "C", 86.614, 86.614, 51.182, 51.182, 90],
		[181, "PAD4_2", 5055, 2315, "T", "DIP", "GND", "GND", "C", 86.614, 86.614, 51.182, 51.182, 90],
		[182, "PAD4_2", 5055, 2315, "B", "DIP", "GND", "GND", "C", 86.614, 86.614, 51.182, 51.182, 90],
		[183, "PAD5_1", 5055, 1650, "T", "DIP", "3.3V", "", "C", 86.614, 86.614, 51.182, 51.182, 90],
		[184, "PAD5_1", 5055, 1650, "B", "DIP", "3.3V", "", "C", 86.614, 86.614, 51.182, 51.182, 90],
		[185, "PAD6_2", 5055, 1850, "T", "DIP", "GND", "GND", "C", 86.614, 86.614, 51.182, 51.182, 90],
		[186, "PAD6_2", 5055, 1850, "B", "DIP", "GND", "GND", "C", 86.614, 86.614, 51.182, 51.182, 90],
		[187, "PAD7_1", 5055, 1190, "T", "DIP", "$1N3486", "", "C", 86.614, 86.614, 51.182, 51.182, 90],
		[188, "PAD7_1", 5055, 1190, "B", "DIP", "$1N3486", "", "C", 86.614, 86.614, 51.182, 51.182, 90],
		[189, "PAD8_2", 5055, 1390, "T", "DIP", "$1N3487", "", "C", 86.614, 86.614, 51.182, 51.182, 90],
		[190, "PAD8_2", 5055, 1390, "B", "DIP", "$1N3487", "", "C", 86.614, 86.614, 51.182, 51.182, 90],
		[191, "PAD9_1", 1135, 3060, "T", "DIP", "+12V", "", "C", 86.614, 86.614, 51.182, 51.182, 180],
		[192, "PAD9_1", 1135, 3060, "B", "DIP", "+12V", "", "C", 86.614, 86.614, 51.182, 51.182, 180],
		[193, "PAD10_2", 935, 3060, "T", "DIP", "$1N4620", "", "C", 86.614, 86.614, 51.182, 51.182, 180],
		[194, "PAD10_2", 935, 3060, "B", "DIP", "$1N4620", "", "C", 86.614, 86.614, 51.182, 51.182, 180],
		[195, "PAD11_1", 2890, 3055, "T", "DIP", "+12V", "", "C", 86.614, 86.614, 51.182, 51.182, 180],
		[196, "PAD11_1", 2890, 3055, "B", "DIP", "+12V", "", "C", 86.614, 86.614, 51.182, 51.182, 180],
		[197, "PAD12_2", 2690, 3055, "T", "DIP", "$1N6104", "", "C", 86.614, 86.614, 51.182, 51.182, 180],
		[198, "PAD12_2", 2690, 3055, "B", "DIP", "$1N6104", "", "C", 86.614, 86.614, 51.182, 51.182, 180],
		[199, "PAD13_1", 3395, 3055, "T", "DIP", "+12V", "", "C", 86.614, 86.614, 51.182, 51.182, 180],
		[200, "PAD13_1", 3395, 3055, "B", "DIP", "+12V", "", "C", 86.614, 86.614, 51.182, 51.182, 180],
		[201, "PAD14_2", 3195, 3055, "T", "DIP", "$1N6104", "", "C", 86.614, 86.614, 51.182, 51.182, 180],
		[202, "PAD14_2", 3195, 3055, "B", "DIP", "$1N6104", "", "C", 86.614, 86.614, 51.182, 51.182, 180],
		[203, "PAD15_1", 960, 470, "T", "DIP", "+12V", "", "C", 86.614, 86.614, 51.182, 51.182, 0],
		[204, "PAD15_1", 960, 470, "B", "DIP", "+12V", "", "C", 86.614, 86.614, 51.182, 51.182, 0],
		[205, "PAD16_2", 1160, 470, "T", "DIP", "$1N6333", "", "C", 86.614, 86.614, 51.182, 51.182, 0],
		[206, "PAD16_2", 1160, 470, "B", "DIP", "$1N6333", "", "C", 86.614, 86.614, 51.182, 51.182, 0],
		[207, "PAD17_1", 475, 470, "T", "DIP", "+12V", "", "C", 86.614, 86.614, 51.182, 51.182, 0],
		[208, "PAD17_1", 475, 470, "B", "DIP", "+12V", "", "C", 86.614, 86.614, 51.182, 51.182, 0],
		[209, "PAD18_2", 675, 470, "T", "DIP", "$1N6333", "", "C", 86.614, 86.614, 51.182, 51.182, 0],
		[210, "PAD18_2", 675, 470, "B", "DIP", "$1N6333", "", "C", 86.614, 86.614, 51.182, 51.182, 0],
		[211, "PAD19_1", 3215, 470, "T", "DIP", "+12V", "", "C", 86.614, 86.614, 51.182, 51.182, 0],
		[212, "PAD19_1", 3215, 470, "B", "DIP", "+12V", "", "C", 86.614, 86.614, 51.182, 51.182, 0],
		[213, "PAD20_2", 3415, 470, "T", "DIP", "$1N6562", "", "C", 86.614, 86.614, 51.182, 51.182, 0],
		[214, "PAD20_2", 3415, 470, "B", "DIP", "$1N6562", "", "C", 86.614, 86.614, 51.182, 51.182, 0],
		[215, "PAD21_1", 2725, 470, "T", "DIP", "+12V", "", "C", 86.614, 86.614, 51.182, 51.182, 0],
		[216, "PAD21_1", 2725, 470, "B", "DIP", "+12V", "", "C", 86.614, 86.614, 51.182, 51.182, 0],
		[217, "PAD22_2", 2925, 470, "T", "DIP", "$1N6562", "", "C", 86.614, 86.614, 51.182, 51.182, 0],
		[218, "PAD22_2", 2925, 470, "B", "DIP", "$1N6562", "", "C", 86.614, 86.614, 51.182, 51.182, 0],
		[219, "PAD23_1", 1765, 3060, "T", "DIP", "+12V", "", "C", 86.614, 86.614, 51.182, 51.182, 180],
		[220, "PAD23_1", 1765, 3060, "B", "DIP", "+12V", "", "C", 86.614, 86.614, 51.182, 51.182, 180],
		[221, "PAD24_2", 1565, 3060, "T", "DIP", "$1N6791", "", "C", 86.614, 86.614, 51.182, 51.182, 180],
		[222, "PAD24_2", 1565, 3060, "B", "DIP", "$1N6791", "", "C", 86.614, 86.614, 51.182, 51.182, 180],
		[223, "PAD25_1", 2255, 3060, "T", "DIP", "+12V", "", "C", 86.614, 86.614, 51.182, 51.182, 180],
		[224, "PAD25_1", 2255, 3060, "B", "DIP", "+12V", "", "C", 86.614, 86.614, 51.182, 51.182, 180],
		[225, "PAD26_2", 2055, 3060, "T", "DIP", "$1N6791", "", "C", 86.614, 86.614, 51.182, 51.182, 180],
		[226, "PAD26_2", 2055, 3060, "B", "DIP", "$1N6791", "", "C", 86.614, 86.614, 51.182, 51.182, 180],
		[227, "PAD27_1", 4015, 3055, "T", "DIP", "+12V", "", "C", 86.614, 86.614, 51.182, 51.182, 180],
		[228, "PAD27_1", 4015, 3055, "B", "DIP", "+12V", "", "C", 86.614, 86.614, 51.182, 51.182, 180],
		[229, "PAD28_2", 3815, 3055, "T", "DIP", "$1N7020", "", "C", 86.614, 86.614, 51.182, 51.182, 180],
		[230, "PAD28_2", 3815, 3055, "B", "DIP", "$1N7020", "", "C", 86.614, 86.614, 51.182, 51.182, 180],
		[231, "PAD29_1", 4530, 3055, "T", "DIP", "+12V", "", "C", 86.614, 86.614, 51.182, 51.182, 180],
		[232, "PAD29_1", 4530, 3055, "B", "DIP", "+12V", "", "C", 86.614, 86.614, 51.182, 51.182, 180],
		[233, "PAD30_2", 4330, 3055, "T", "DIP", "$1N7020", "", "C", 86.614, 86.614, 51.182, 51.182, 180],
		[234, "PAD30_2", 4330, 3055, "B", "DIP", "$1N7020", "", "C", 86.614, 86.614, 51.182, 51.182, 180],
		[235, "PAD31_1", 2080, 470, "T", "DIP", "+12V", "", "C", 86.614, 86.614, 51.182, 51.182, 0],
		[236, "PAD31_1", 2080, 470, "B", "DIP", "+12V", "", "C", 86.614, 86.614, 51.182, 51.182, 0],
		[237, "PAD32_2", 2280, 470, "T", "DIP", "$1N7249", "", "C", 86.614, 86.614, 51.182, 51.182, 0],
		[238, "PAD32_2", 2280, 470, "B", "DIP", "$1N7249", "", "C", 86.614, 86.614, 51.182, 51.182, 0],
		[239, "PAD33_1", 1600, 470, "T", "DIP", "+12V", "", "C", 86.614, 86.614, 51.182, 51.182, 0],
		[240, "PAD33_1", 1600, 470, "B", "DIP", "+12V", "", "C", 86.614, 86.614, 51.182, 51.182, 0],
		[241, "PAD34_2", 1800, 470, "T", "DIP", "$1N7249", "", "C", 86.614, 86.614, 51.182, 51.182, 0],
		[242, "PAD34_2", 1800, 470, "B", "DIP", "$1N7249", "", "C", 86.614, 86.614, 51.182, 51.182, 0],
		[243, "PAD35_1", 4355, 470, "T", "DIP", "+12V", "", "C", 86.614, 86.614, 51.182, 51.182, 0],
		[244, "PAD35_1", 4355, 470, "B", "DIP", "+12V", "", "C", 86.614, 86.614, 51.182, 51.182, 0],
		[245, "PAD36_2", 4555, 470, "T", "DIP", "$1N7478", "", "C", 86.614, 86.614, 51.182, 51.182, 0],
		[246, "PAD36_2", 4555, 470, "B", "DIP", "$1N7478", "", "C", 86.614, 86.614, 51.182, 51.182, 0],
		[247, "PAD37_1", 3850, 470, "T", "DIP", "+12V", "", "C", 86.614, 86.614, 51.182, 51.182, 0],
		[248, "PAD37_1", 3850, 470, "B", "DIP", "+12V", "", "C", 86.614, 86.614, 51.182, 51.182, 0],
		[249, "PAD38_2", 4050, 470, "T", "DIP", "$1N7478", "", "C", 86.614, 86.614, 51.182, 51.182, 0],
		[250, "PAD38_2", 4050, 470, "B", "DIP", "$1N7478", "", "C", 86.614, 86.614, 51.182, 51.182, 0],
		[251, "PAD39_2", 930.13, 2550, "T", "SMD", "$1N4620", "", "R", 106.299, 129.921, 0, 0, 0],
		[252, "PAD40_1", 639.87, 2550, "T", "SMD", "+12V", "", "R", 106.299, 129.921, 0, 0, 0],
		[253, "PAD41_2", 2075.13, 2575, "T", "SMD", "$1N6791", "", "R", 106.299, 129.921, 0, 0, 0],
		[254, "PAD42_1", 1784.87, 2575, "T", "SMD", "+12V", "", "R", 106.299, 129.921, 0, 0, 0],
		[255, "PAD43_2", 3195.13, 2555, "T", "SMD", "$1N6104", "", "R", 106.299, 129.921, 0, 0, 0],
		[256, "PAD44_1", 2904.87, 2555, "T", "SMD", "+12V", "", "R", 106.299, 129.921, 0, 0, 0],
		[257, "PAD45_2", 4325.13, 2550, "T", "SMD", "$1N7020", "", "R", 106.299, 129.921, 0, 0, 0],
		[258, "PAD46_1", 4034.87, 2550, "T", "SMD", "+12V", "", "R", 106.299, 129.921, 0, 0, 0],
		[259, "PAD47_2", 669.87, 975, "T", "SMD", "$1N6333", "", "R", 106.299, 129.921, 0, 0, 180],
		[260, "PAD48_1", 960.13, 975, "T", "SMD", "+12V", "", "R", 106.299, 129.921, 0, 0, 180],
		[261, "PAD49_2", 1794.87, 980, "T", "SMD", "$1N7249", "", "R", 106.299, 129.921, 0, 0, 180],
		[262, "PAD50_1", 2085.13, 980, "T", "SMD", "+12V", "", "R", 106.299, 129.921, 0, 0, 180],
		[263, "PAD51_2", 2919.87, 980, "T", "SMD", "$1N6562", "", "R", 106.299, 129.921, 0, 0, 180],
		[264, "PAD52_1", 3210.13, 980, "T", "SMD", "+12V", "", "R", 106.299, 129.921, 0, 0, 180],
		[265, "PAD53_2", 4059.87, 980, "T", "SMD", "$1N7478", "", "R", 106.299, 129.921, 0, 0, 180],
		[266, "PAD54_1", 4350.13, 980, "T", "SMD", "+12V", "", "R", 106.299, 129.921, 0, 0, 180],
		[267, "PAD55_1", 695, 2170.001, "T", "DIP", "$1N4621", "", "R", 78.74, 78.74, 47.244, 47.244, 0],
		[268, "PAD55_1", 695, 2170.001, "B", "DIP", "$1N4621", "", "R", 78.74, 78.74, 47.244, 47.244, 0],
		[269, "PAD56_3", 895, 2170.001, "T", "DIP", "GND", "GND", "C", 78.74, 78.74, 47.244, 47.244, 0],
		[270, "PAD56_3", 895, 2170.001, "B", "DIP", "GND", "GND", "C", 78.74, 78.74, 47.244, 47.244, 0],
		[271, "PAD57_2", 795, 2170.001, "T", "DIP", "$1N4620", "", "C", 78.74, 78.74, 47.244, 47.244, 0],
		[272, "PAD57_2", 795, 2170.001, "B", "DIP", "$1N4620", "", "C", 78.74, 78.74, 47.244, 47.244, 0],
		[273, "PAD58_1", 1505.001, 2350, "T", "DIP", "$1N6799", "", "R", 78.74, 78.74, 47.244, 47.244, 270],
		[274, "PAD58_1", 1505.001, 2350, "B", "DIP", "$1N6799", "", "R", 78.74, 78.74, 47.244, 47.244, 270],
		[275, "PAD59_3", 1505.001, 2150, "T", "DIP", "GND", "GND", "C", 78.74, 78.74, 47.244, 47.244, 270],
		[276, "PAD59_3", 1505.001, 2150, "B", "DIP", "GND", "GND", "C", 78.74, 78.74, 47.244, 47.244, 270],
		[277, "PAD60_2", 1505.001, 2250, "T", "DIP", "$1N6791", "", "C", 78.74, 78.74, 47.244, 47.244, 270],
		[278, "PAD60_2", 1505.001, 2250, "B", "DIP", "$1N6791", "", "C", 78.74, 78.74, 47.244, 47.244, 270],
		[279, "PAD61_1", 3445.001, 2400, "T", "DIP", "$1N6112", "", "R", 78.74, 78.74, 47.244, 47.244, 270],
		[280, "PAD61_1", 3445.001, 2400, "B", "DIP", "$1N6112", "", "R", 78.74, 78.74, 47.244, 47.244, 270],
		[281, "PAD62_3", 3445.001, 2200, "T", "DIP", "GND", "GND", "C", 78.74, 78.74, 47.244, 47.244, 270],
		[282, "PAD62_3", 3445.001, 2200, "B", "DIP", "GND", "GND", "C", 78.74, 78.74, 47.244, 47.244, 270],
		[283, "PAD63_2", 3445.001, 2300, "T", "DIP", "$1N6104", "", "C", 78.74, 78.74, 47.244, 47.244, 270],
		[284, "PAD63_2", 3445.001, 2300, "B", "DIP", "$1N6104", "", "C", 78.74, 78.74, 47.244, 47.244, 270],
		[285, "PAD64_1", 4100, 2175.001, "T", "DIP", "$1N7028", "", "R", 78.74, 78.74, 47.244, 47.244, 0],
		[286, "PAD64_1", 4100, 2175.001, "B", "DIP", "$1N7028", "", "R", 78.74, 78.74, 47.244, 47.244, 0],
		[287, "PAD65_3", 4300, 2175.001, "T", "DIP", "GND", "GND", "C", 78.74, 78.74, 47.244, 47.244, 0],
		[288, "PAD65_3", 4300, 2175.001, "B", "DIP", "GND", "GND", "C", 78.74, 78.74, 47.244, 47.244, 0],
		[289, "PAD66_2", 4200, 2175.001, "T", "DIP", "$1N7020", "", "C", 78.74, 78.74, 47.244, 47.244, 0],
		[290, "PAD66_2", 4200, 2175.001, "B", "DIP", "$1N7020", "", "C", 78.74, 78.74, 47.244, 47.244, 0],
		[291, "PAD67_1", 705, 1290.001, "T", "DIP", "$1N6341", "", "R", 78.74, 78.74, 47.244, 47.244, 0],
		[292, "PAD67_1", 705, 1290.001, "B", "DIP", "$1N6341", "", "R", 78.74, 78.74, 47.244, 47.244, 0],
		[293, "PAD68_3", 905, 1290.001, "T", "DIP", "GND", "GND", "C", 78.74, 78.74, 47.244, 47.244, 0],
		[294, "PAD68_3", 905, 1290.001, "B", "DIP", "GND", "GND", "C", 78.74, 78.74, 47.244, 47.244, 0],
		[295, "PAD69_2", 805, 1290.001, "T", "DIP", "$1N6333", "", "C", 78.74, 78.74, 47.244, 47.244, 0],
		[296, "PAD69_2", 805, 1290.001, "B", "DIP", "$1N6333", "", "C", 78.74, 78.74, 47.244, 47.244, 0],
		[297, "PAD70_1", 1535.001, 1380, "T", "DIP", "$1N7257", "", "R", 78.74, 78.74, 47.244, 47.244, 270],
		[298, "PAD70_1", 1535.001, 1380, "B", "DIP", "$1N7257", "", "R", 78.74, 78.74, 47.244, 47.244, 270],
		[299, "PAD71_3", 1535.001, 1180, "T", "DIP", "GND", "GND", "C", 78.74, 78.74, 47.244, 47.244, 270],
		[300, "PAD71_3", 1535.001, 1180, "B", "DIP", "GND", "GND", "C", 78.74, 78.74, 47.244, 47.244, 270],
		[301, "PAD72_2", 1535.001, 1280, "T", "DIP", "$1N7249", "", "C", 78.74, 78.74, 47.244, 47.244, 270],
		[302, "PAD72_2", 1535.001, 1280, "B", "DIP", "$1N7249", "", "C", 78.74, 78.74, 47.244, 47.244, 270],
		[303, "PAD73_1", 3470.001, 1355, "T", "DIP", "$1N6570", "", "R", 78.74, 78.74, 47.244, 47.244, 270],
		[304, "PAD73_1", 3470.001, 1355, "B", "DIP", "$1N6570", "", "R", 78.74, 78.74, 47.244, 47.244, 270],
		[305, "PAD74_3", 3470.001, 1155, "T", "DIP", "GND", "GND", "C", 78.74, 78.74, 47.244, 47.244, 270],
		[306, "PAD74_3", 3470.001, 1155, "B", "DIP", "GND", "GND", "C", 78.74, 78.74, 47.244, 47.244, 270],
		[307, "PAD75_2", 3470.001, 1255, "T", "DIP", "$1N6562", "", "C", 78.74, 78.74, 47.244, 47.244, 270],
		[308, "PAD75_2", 3470.001, 1255, "B", "DIP", "$1N6562", "", "C", 78.74, 78.74, 47.244, 47.244, 270],
		[309, "PAD76_1", 4125, 1275.001, "T", "DIP", "$1N7486", "", "R", 78.74, 78.74, 47.244, 47.244, 0],
		[310, "PAD76_1", 4125, 1275.001, "B", "DIP", "$1N7486", "", "R", 78.74, 78.74, 47.244, 47.244, 0],
		[311, "PAD77_3", 4325, 1275.001, "T", "DIP", "GND", "GND", "C", 78.74, 78.74, 47.244, 47.244, 0],
		[312, "PAD77_3", 4325, 1275.001, "B", "DIP", "GND", "GND", "C", 78.74, 78.74, 47.244, 47.244, 0],
		[313, "PAD78_2", 4225, 1275.001, "T", "DIP", "$1N7478", "", "C", 78.74, 78.74, 47.244, 47.244, 0],
		[314, "PAD78_2", 4225, 1275.001, "B", "DIP", "$1N7478", "", "C", 78.74, 78.74, 47.244, 47.244, 0],
		[315, "PAD79_2", 819.37, 1955, "T", "SMD", "GND", "GND", "R", 44.588, 54.213, 0, 0, 0],
		[316, "PAD80_1", 740.63, 1955, "T", "SMD", "$1N4621", "", "R", 44.588, 54.213, 0, 0, 0],
		[317, "PAD81_2", 3109.37, 2186.26, "T", "SMD", "GND", "GND", "R", 44.588, 54.213, 0, 0, 270],
		[318, "PAD82_1", 3109.37, 2265, "T", "SMD", "$1N6112", "", "R", 44.588, 54.213, 0, 0, 270],
		[319, "PAD83_2", 823.4436, 1624.1776, "T", "SMD", "GND", "GND", "R", 44.588, 54.213, 0, 0, 0],
		[320, "PAD84_1", 744.7036, 1624.1776, "T", "SMD", "$1N6341", "", "R", 44.588, 54.213, 0, 0, 0],
		[321, "PAD85_2", 3135, 1250.63, "T", "SMD", "GND", "GND", "R", 44.588, 54.213, 0, 0, 270],
		[322, "PAD86_1", 3135, 1329.37, "T", "SMD", "$1N6570", "", "R", 44.588, 54.213, 0, 0, 270],
		[323, "PAD87_2", 1909.37, 2131.26, "T", "SMD", "GND", "GND", "R", 44.588, 54.213, 0, 0, 270],
		[324, "PAD88_1", 1909.37, 2210, "T", "SMD", "$1N6799", "", "R", 44.588, 54.213, 0, 0, 270],
		[325, "PAD89_2", 4259.37, 1975, "T", "SMD", "GND", "GND", "R", 44.588, 54.213, 0, 0, 0],
		[326, "PAD90_1", 4180.63, 1975, "T", "SMD", "$1N7028", "", "R", 44.588, 54.213, 0, 0, 0],
		[327, "PAD91_2", 1919.37, 1310, "T", "SMD", "GND", "GND", "R", 44.588, 54.213, 0, 0, 270],
		[328, "PAD92_1", 1919.37, 1388.74, "T", "SMD", "$1N7257", "", "R", 44.588, 54.213, 0, 0, 270],
		[329, "PAD93_2", 4259.37, 1530, "T", "SMD", "GND", "GND", "R", 44.588, 54.213, 0, 0, 0],
		[330, "PAD94_1", 4180.63, 1530, "T", "SMD", "$1N7486", "", "R", 44.588, 54.213, 0, 0, 0],
		[331, "PAD95_1", 2370, 1551.02, "T", "SMD", "$1N3486", "", "O", 22.047, 82.677, 0, 0, 0],
		[332, "PAD96_2", 2420, 1551.02, "T", "SMD", "$1N3487", "", "O", 22.047, 82.677, 0, 0, 0],
		[333, "PAD97_3", 2470, 1551.02, "T", "SMD", "GND", "GND", "O", 22.047, 82.677, 0, 0, 0],
		[334, "PAD98_4", 2520, 1551.02, "T", "SMD", "GND", "GND", "O", 22.047, 82.677, 0, 0, 0],
		[335, "PAD99_5", 2570, 1551.02, "T", "SMD", "3.3V", "", "O", 22.047, 82.677, 0, 0, 0],
		[336, "PAD100_6", 2620, 1551.02, "T", "SMD", "3.3V", "", "O", 22.047, 82.677, 0, 0, 0],
		[337, "PAD101_9", 2770, 1551.02, "T", "SMD", "GND", "GND", "O", 22.047, 82.677, 0, 0, 0],
		[338, "PAD102_18", 2370, 1928.98, "T", "SMD", "3.3V", "", "O", 22.047, 82.677, 0, 0, 0],
		[339, "PAD103_17", 2420, 1928.98, "T", "SMD", "$1N7486", "", "O", 22.047, 82.677, 0, 0, 0],
		[340, "PAD104_16", 2470, 1928.98, "T", "SMD", "$1N6570", "", "O", 22.047, 82.677, 0, 0, 0],
		[341, "PAD105_15", 2520, 1928.98, "T", "SMD", "$1N7257", "", "O", 22.047, 82.677, 0, 0, 0],
		[342, "PAD106_14", 2570, 1928.98, "T", "SMD", "$1N6341", "", "O", 22.047, 82.677, 0, 0, 0],
		[343, "PAD107_13", 2620, 1928.98, "T", "SMD", "$1N7028", "", "O", 22.047, 82.677, 0, 0, 0],
		[344, "PAD108_12", 2670, 1928.98, "T", "SMD", "$1N6112", "", "O", 22.047, 82.677, 0, 0, 0],
		[345, "PAD109_11", 2720, 1928.98, "T", "SMD", "$1N6799", "", "O", 22.047, 82.677, 0, 0, 0],
		[346, "PAD110_10", 2770, 1928.98, "T", "SMD", "$1N4621", "", "O", 22.047, 82.677, 0, 0, 0]
	]
}
}